,Model,tn,fp,fn,tp,auc,log_loss,acc,ppv,tpr,fpr,forr,tnr,fnr,fdr,npv,f1,lrp,lrn,lift,youden
0,1,1683,0,91,0,0.5,1.771718518566445,0.9487034949267192,,0.0,0.0,0.05129650507328072,1.0,1.0,,0.9487034949267192,,,1.0,,0.0
